semantic_id,merged_ids,n_merged,code,embedding,experiment_kind,geometry_scope,kernel,kernel_params,J0,p_cnot,cycles,decoded_sector,d,n_data,k,reference_weighted_exposure,primary_failures,primary_shots,primary_discards,primary_ler_total,primary_ler_total_lo,primary_ler_total_hi,primary_ler_per_cycle_derived
BB108_ibm__powe_J0.01_p0.001,bb108_j0_0.01_ibm_,1,BB108,ibm_biplanar,z_memory,theory_reduced,powerlaw,"{'alpha': 3.0, 'r0': 1.0}",0.01,0.001,10,X,12,108,8,,0,2500,0,0.0,0.0,0.0007361508123206742,0.0
BB108_ibm__powe_J0.02_p0.001,bb108_j0_0.02_ibm_,1,BB108,ibm_biplanar,z_memory,theory_reduced,powerlaw,"{'alpha': 3.0, 'r0': 1.0}",0.02,0.001,10,X,12,108,8,,1,2500,0,0.0004,6.9096626462009e-05,0.001319221020362373,4.000720182451012e-05
BB108_ibm__powe_J0.04_p0.001,bb108_j0_0.04_ibm_,1,BB108,ibm_biplanar,z_memory,theory_reduced,powerlaw,"{'alpha': 3.0, 'r0': 1.0}",0.04,0.001,10,X,12,108,8,,11,2500,0,0.0044,0.003095149589263272,0.006161194767624308,0.0004408736355151488
BB108_mono_powe_J0.01_p0.001,bb108_j0_0.01_mono,1,BB108,monomial_column,z_memory,theory_reduced,powerlaw,"{'alpha': 3.0, 'r0': 1.0}",0.01,0.001,10,X,12,108,8,,3,2500,0,0.0012,0.0005469785447633938,0.0023659154952504115,0.00012006484929083516
BB108_mono_powe_J0.02_p0.001,bb108_j0_0.02_mono,1,BB108,monomial_column,z_memory,theory_reduced,powerlaw,"{'alpha': 3.0, 'r0': 1.0}",0.02,0.001,10,X,12,108,8,,37,2500,0,0.0148,0.012390470619558778,0.017629816802492617,0.001489950194012546
BB108_mono_powe_J0.04_p0.001,bb108_j0_0.04_mono,1,BB108,monomial_column,z_memory,theory_reduced,powerlaw,"{'alpha': 3.0, 'r0': 1.0}",0.04,0.001,10,X,12,108,8,,525,2500,0,0.21,0.20177364166775114,0.21846400516683345,0.023296578441422855
BB144_ibm__cros_J0.0_p0.001,bb144_baseline_bi,1,BB144,ibm_biplanar,z_memory,theory_reduced,crossing,{},0.0,0.001,12,X,12,144,12,,0,4000,0,0.0,0.0,0.00046015778515466865,0.0
BB144_ibm__powe_J0.01_p0.001,bb144_v3_pj0_0.01_bi,1,BB144,ibm_biplanar,z_memory,theory_reduced,powerlaw,"{'alpha': 3.0, 'r0': 1.0}",0.01,0.001,12,X,12,144,12,,0,5000,0,0.0,0.0,0.0003681431708574616,0.0
BB144_ibm__powe_J0.02_p0.001,bb144_v3_pj0_0.02_bi,1,BB144,ibm_biplanar,z_memory,theory_reduced,powerlaw,"{'alpha': 3.0, 'r0': 1.0}",0.02,0.001,12,X,12,144,12,,2,5000,0,0.0004,0.00014163820950606598,0.0009273373567735946,3.3339446006586115e-05
BB144_ibm__powe_J0.04_p0.0005,bb144_v3_per_5e-04_bi,1,BB144,ibm_biplanar,z_memory,theory_reduced,powerlaw,"{'alpha': 3.0, 'r0': 1.0}",0.04,0.0005,12,X,12,144,12,,4,5000,0,0.0008,0.00041716472158620955,0.0014321099291897499,6.669112361223917e-05
BB144_ibm__powe_J0.04_p0.001,bb144_bi_anchor_topup|bb144_v3_pj0_0.04_bi,2,BB144,ibm_biplanar,z_memory,theory_reduced,powerlaw,"{'alpha': 3.0, 'r0': 1.0}",0.04,0.001,12,X,12,144,12,,31,10000,0,0.0031,0.0025468111500704443,0.003761526280935277,0.00025870111055181777
BB144_ibm__powe_J0.04_p0.002,bb144_v3_per_2e-03_bi,1,BB144,ibm_biplanar,z_memory,theory_reduced,powerlaw,"{'alpha': 3.0, 'r0': 1.0}",0.04,0.002,12,X,12,144,12,,113,5000,0,0.0226,0.020496897137806856,0.02490314584096977,0.0019031279299530635
BB144_ibm__powe_J0.04_p0.003,bb144_v3_per_3e-03_bi,1,BB144,ibm_biplanar,z_memory,theory_reduced,powerlaw,"{'alpha': 3.0, 'r0': 1.0}",0.04,0.003,12,X,12,144,12,,470,5000,0,0.094,0.08985589120865237,0.0983104313692586,0.008192587409019847
BB144_ibm__powe_J0.08_p0.001,bb144_v3_pj0_0.08_bi,1,BB144,ibm_biplanar,z_memory,theory_reduced,powerlaw,"{'alpha': 3.0, 'r0': 1.0}",0.08,0.001,12,X,12,144,12,,376,5000,0,0.0752,0.07145742365777276,0.07911704047283111,0.006493639690404507
BB144_mono_cros_J0.0_p0.001,bb144_baseline_mono,1,BB144,monomial_column,z_memory,theory_reduced,crossing,{},0.0,0.001,12,X,12,144,12,,0,4000,0,0.0,0.0,0.00046015778515466865,0.0
BB144_mono_powe_J0.01_p0.001,bb144_v3_pj0_0.01_mono,1,BB144,monomial_column,z_memory,theory_reduced,powerlaw,"{'alpha': 3.0, 'r0': 1.0}",0.01,0.001,12,X,12,144,12,,3,5000,0,0.0006,0.00027347195731751406,0.0011833030833233935,5.001375527313723e-05
BB144_mono_powe_J0.02_p0.001,bb144_v3_pj0_0.02_mono,1,BB144,monomial_column,z_memory,theory_reduced,powerlaw,"{'alpha': 3.0, 'r0': 1.0}",0.02,0.001,12,X,12,144,12,,115,5000,0,0.023,0.020878705436397773,0.02532109224388191,0.0019371734976677546
BB144_mono_powe_J0.04_p0.0005,bb144_v3_per_5e-04_mono,1,BB144,monomial_column,z_memory,theory_reduced,powerlaw,"{'alpha': 3.0, 'r0': 1.0}",0.04,0.0005,12,X,12,144,12,,1097,7500,0,0.14626666666666666,0.14216753954073533,0.1504616595063559,0.01309158239427155
BB144_mono_powe_J0.04_p0.001,bb144_v3_per_1e-03_mono,1,BB144,monomial_column,z_memory,theory_reduced,powerlaw,"{'alpha': 3.0, 'r0': 1.0}",0.04,0.001,12,X,12,144,12,,805,2500,0,0.322,0.31252941472047485,0.33161600196669494,0.03186525232867321
BB144_mono_powe_J0.04_p0.002,bb144_v3_per_2e-03_mono,1,BB144,monomial_column,z_memory,theory_reduced,powerlaw,"{'alpha': 3.0, 'r0': 1.0}",0.04,0.002,12,X,12,144,12,,1553,2500,0,0.6212,0.6112504967512808,0.6310505656618864,0.07771000480900847
BB144_mono_powe_J0.04_p0.003,bb144_v3_per_3e-03_mono,1,BB144,monomial_column,z_memory,theory_reduced,powerlaw,"{'alpha': 3.0, 'r0': 1.0}",0.04,0.003,12,X,12,144,12,,2083,2500,0,0.8332,0.8254078450883098,0.8407184998030641,0.13864336413263068
BB144_mono_powe_J0.08_p0.001,bb144_v3_pj0_0.08_mono,1,BB144,monomial_column,z_memory,theory_reduced,powerlaw,"{'alpha': 3.0, 'r0': 1.0}",0.08,0.001,12,X,12,144,12,,500,500,0,1.0,0.9963246611307157,1.0,1.0
BB72_ibm__cros_J0.0_p0.001,bb72_x_baseline_bi,1,BB72,ibm_biplanar,x_memory,theory_reduced,crossing,{},0.0,0.001,6,Z,6,72,12,,2,4000,0,0.0005,0.00017704905407335273,0.0011590952484250056,8.335069975107245e-05
BB72_ibm__cros_J0.08_p0.001,bb72_x_crossing_bi,1,BB72,ibm_biplanar,x_memory,theory_reduced,crossing,{},0.08,0.001,6,Z,6,72,12,,2,4000,0,0.0005,0.00017704905407335273,0.0011590952484250056,8.335069975107245e-05
BB72_ibm__expo_J0.08_p0.001,bb72_x_exp_bi,1,BB72,ibm_biplanar,x_memory,theory_reduced,exponential,{'xi': 1.0},0.08,0.001,6,Z,6,72,12,,1448,4000,0,0.362,0.3543122090233916,0.369757917469062,0.07216636287500033
BB72_ibm__powe_J0.08_p0.001,bb72_x_pow_bi_a3,1,BB72,ibm_biplanar,x_memory,theory_reduced,powerlaw,"{'alpha': 3.0, 'r0': 1.0}",0.08,0.001,6,Z,6,72,12,,768,4000,0,0.192,0.18572621383832572,0.19843085896037363,0.03490834551283828
BB72_ibm__powe_J0.08_p0.001,bb72_x_pow_bi_a5,1,BB72,ibm_biplanar,x_memory,theory_reduced,powerlaw,"{'alpha': 5.0, 'r0': 1.0}",0.08,0.001,6,Z,6,72,12,,574,4000,0,0.1435,0.1379230630393246,0.1492591862523421,0.025486422036251066
BB72_ibm__cros_J0.0_p0.0005,bb72_smoke_bi,1,BB72,ibm_biplanar,z_memory,theory_reduced,crossing,{},0.0,0.0005,3,X,6,72,12,0.0,0,200,0,0.0,0.0,0.009163034977870904,0.0
BB72_ibm__cros_J0.0_p0.001,bb72_z_j0cross_0.0_bi,1,BB72,ibm_biplanar,z_memory,theory_reduced,crossing,{},0.0,0.001,6,X,6,72,12,0.0,0,5000,0,0.0,0.0,0.0003681431708574616,0.0
BB72_ibm__cros_J0.005_p0.001,bb72_v3_cj0_0.005_bi,1,BB72,ibm_biplanar,z_memory,theory_reduced,crossing,{},0.005,0.001,6,X,6,72,12,0.0,1,5000,0,0.0002,3.454891004459713e-05,0.0006597622083767342,3.333611145062143e-05
BB72_ibm__cros_J0.01_p0.001,bb72_z_j0cross_0.01_bi,1,BB72,ibm_biplanar,z_memory,theory_reduced,crossing,{},0.01,0.001,6,X,6,72,12,0.0,1,5000,0,0.0002,3.454891004459713e-05,0.0006597622083767342,3.333611145062143e-05
BB72_ibm__cros_J0.015_p0.001,bb72_v3_cj0_0.015_bi,1,BB72,ibm_biplanar,z_memory,theory_reduced,crossing,{},0.015,0.001,6,X,6,72,12,0.0,1,5000,0,0.0002,3.454891004459713e-05,0.0006597622083767342,3.333611145062143e-05
BB72_ibm__cros_J0.02_p0.001,bb72_z_j0cross_0.02_bi,1,BB72,ibm_biplanar,z_memory,theory_reduced,crossing,{},0.02,0.001,6,X,6,72,12,0.0,1,5000,0,0.0002,3.454891004459713e-05,0.0006597622083767342,3.333611145062143e-05
BB72_ibm__cros_J0.03_p0.001,bb72_v3_cj0_0.03_bi,1,BB72,ibm_biplanar,z_memory,theory_reduced,crossing,{},0.03,0.001,6,X,6,72,12,0.0,1,5000,0,0.0002,3.454891004459713e-05,0.0006597622083767342,3.333611145062143e-05
BB72_ibm__cros_J0.04_p0.001,bb72_z_j0cross_0.04_bi,1,BB72,ibm_biplanar,z_memory,theory_reduced,crossing,{},0.04,0.001,6,X,6,72,12,0.0,0,5000,0,0.0,0.0,0.0003681431708574616,0.0
BB72_ibm__cros_J0.06_p0.001,bb72_z_j0cross_0.06_bi,1,BB72,ibm_biplanar,z_memory,theory_reduced,crossing,{},0.06,0.001,6,X,6,72,12,0.0,1,5000,0,0.0002,3.454891004459713e-05,0.0006597622083767342,3.333611145062143e-05
BB72_ibm__cros_J0.08_p0.001,bb72_z_j0cross_0.08_bi,1,BB72,ibm_biplanar,z_memory,theory_reduced,crossing,{},0.08,0.001,6,X,6,72,12,0.0,0,5000,0,0.0,0.0,0.0003681431708574616,0.0
BB72_ibm__expo_J0.04_p0.001,bb72_v3_xi0.25_bi,1,BB72,ibm_biplanar,z_memory,theory_reduced,exponential,{'xi': 0.25},0.04,0.001,6,X,6,72,12,0.0147037221058065,254,5000,0,0.0508,0.04768666765249248,0.054098787986376955,0.008651649610832757
BB72_ibm__expo_J0.04_p0.001,bb72_v3_xi0.5_bi,1,BB72,ibm_biplanar,z_memory,theory_reduced,exponential,{'xi': 0.5},0.04,0.001,6,X,6,72,12,0.0151605123749386,257,5000,0,0.0514,0.04826923812473703,0.054715937708132996,0.008756117536698138
BB72_ibm__expo_J0.04_p0.001,bb72_v3_xi1.0_bi,1,BB72,ibm_biplanar,z_memory,theory_reduced,exponential,{'xi': 1.0},0.04,0.001,6,X,6,72,12,0.0159408655912757,424,5000,0,0.0848,0.08084511680614194,0.0889251663963111,0.014660252924516448
BB72_ibm__expo_J0.04_p0.001,bb72_v3_xi2.0_bi,1,BB72,ibm_biplanar,z_memory,theory_reduced,exponential,{'xi': 2.0},0.04,0.001,6,X,6,72,12,0.0182108851067302,831,5000,0,0.1662,0.1609036201818964,0.17163242446752164,0.029839365795502504
BB72_ibm__expo_J0.04_p0.001,bb72_v3_xi4.0_bi,1,BB72,ibm_biplanar,z_memory,theory_reduced,exponential,{'xi': 4.0},0.04,0.001,6,X,6,72,12,0.0241062158535056,1838,5000,0,0.3676,0.3607087311126566,0.3745450006371987,0.07352868617417829
BB72_ibm__expo_J0.04_p0.001,bb72_v3_xi8.0_bi,1,BB72,ibm_biplanar,z_memory,theory_reduced,exponential,{'xi': 8.0},0.04,0.001,6,X,6,72,12,0.0349598410023509,2982,5000,0,0.5964,0.5893425883994823,0.6034182994651611,0.14034302170620772
BB72_ibm__powe_J0.005_p0.003,bb72_v3_ph_bi_a1.5_J0.005,1,BB72,ibm_biplanar,z_memory,theory_reduced,powerlaw,"{'alpha': 1.5, 'r0': 1.0}",0.005,0.003,6,X,6,72,12,0.0002525661126132,107,5000,0,0.0214,0.01935252921959036,0.023648263525740343,0.003598891763853529
BB72_ibm__powe_J0.01_p0.003,bb72_v3_ph_bi_a1.5_J0.01,1,BB72,ibm_biplanar,z_memory,theory_reduced,powerlaw,"{'alpha': 1.5, 'r0': 1.0}",0.01,0.003,6,X,6,72,12,0.0010102410438691,176,5000,0,0.0352,0.03258946097770428,0.038003585349965785,0.005954609453913018
BB72_ibm__powe_J0.02_p0.003,bb72_v3_ph_bi_a1.5_J0.02,1,BB72,ibm_biplanar,z_memory,theory_reduced,powerlaw,"{'alpha': 1.5, 'r0': 1.0}",0.02,0.003,6,X,6,72,12,0.0040405896885006,398,5000,0,0.0796,0.07575808189687686,0.08361445897398975,0.013729367415873606
BB72_ibm__powe_J0.04_p0.001,bb72_v3_a1.5_bi,1,BB72,ibm_biplanar,z_memory,theory_reduced,powerlaw,"{'alpha': 1.5, 'r0': 1.0}",0.04,0.001,6,X,6,72,12,0.0161563681375994,449,5000,0,0.0898,0.0857406791645313,0.09402744668414076,0.015559501050726121
BB72_ibm__powe_J0.04_p0.003,bb72_v3_ph_bi_a1.5_J0.04,1,BB72,ibm_biplanar,z_memory,theory_reduced,powerlaw,"{'alpha': 1.5, 'r0': 1.0}",0.04,0.003,6,X,6,72,12,0.0161563681375994,1129,5000,0,0.2258,0.219843135034094,0.23186839000685827,0.041757281476080155
BB72_ibm__powe_J0.08_p0.003,bb72_v3_ph_bi_a1.5_J0.08,1,BB72,ibm_biplanar,z_memory,theory_reduced,powerlaw,"{'alpha': 1.5, 'r0': 1.0}",0.08,0.003,6,X,6,72,12,0.0645296978680609,3328,5000,0,0.6656,0.6587948935117623,0.672337879832378,0.1668733156245803
BB72_ibm__powe_J0.005_p0.003,bb72_v3_ph_bi_a2.0_J0.005,1,BB72,ibm_biplanar,z_memory,theory_reduced,powerlaw,"{'alpha': 2.0, 'r0': 1.0}",0.005,0.003,6,X,6,72,12,0.0002416554331049,121,5000,0,0.0242,0.022025125555225268,0.026573948755290764,0.004074614738719173
BB72_ibm__powe_J0.01_p0.003,bb72_v3_ph_bi_a2.0_J0.01,1,BB72,ibm_biplanar,z_memory,theory_reduced,powerlaw,"{'alpha': 2.0, 'r0': 1.0}",0.01,0.003,6,X,6,72,12,0.0009665986596192,170,5000,0,0.034,0.031432959330679536,0.03676070634831082,0.005748653685759497
BB72_ibm__powe_J0.02_p0.003,bb72_v3_ph_bi_a2.0_J0.02,1,BB72,ibm_biplanar,z_memory,theory_reduced,powerlaw,"{'alpha': 2.0, 'r0': 1.0}",0.02,0.003,6,X,6,72,12,0.0038660254918334,323,5000,0,0.0646,0.06111274369450528,0.06826641458402968,0.011068461078521219
BB72_ibm__powe_J0.04_p0.001,bb72_v3_a2.0_bi|la_alpha_bi_a2.0,2,BB72,ibm_biplanar,z_memory,theory_reduced,powerlaw,"{'alpha': 2.0, 'r0': 1.0}",0.04,0.001,6,X,6,72,12,0.0154581967835414,634,10000,0,0.0634,0.060957558297892574,0.06593155197512116,0.010857128314202713
BB72_ibm__powe_J0.04_p0.003,bb72_v3_ph_bi_a2.0_J0.04,1,BB72,ibm_biplanar,z_memory,theory_reduced,powerlaw,"{'alpha': 2.0, 'r0': 1.0}",0.04,0.003,6,X,6,72,12,0.0154581967835414,903,5000,0,0.1806,0.17512495726748087,0.18620513994318055,0.03265217407210652
BB72_ibm__powe_J0.08_p0.003,bb72_v3_ph_bi_a2.0_J0.08,1,BB72,ibm_biplanar,z_memory,theory_reduced,powerlaw,"{'alpha': 2.0, 'r0': 1.0}",0.08,0.003,6,X,6,72,12,0.0617383785603648,2750,5000,0,0.55,0.5428548013258574,0.5571249162854721,0.12460898314321667
BB72_ibm__powe_J0.0_p0.001,bb72_z_j0_0.0_bi,1,BB72,ibm_biplanar,z_memory,theory_reduced,powerlaw,"{'alpha': 3.0, 'r0': 1.0}",0.0,0.001,6,X,6,72,12,0.0,2,5000,0,0.0004,0.00014163820950606598,0.0009273373567735946,6.667778049462836e-05
BB72_ibm__powe_J0.005_p0.001,bb72_v3_pj0_0.005_bi,1,BB72,ibm_biplanar,z_memory,theory_reduced,powerlaw,"{'alpha': 3.0, 'r0': 1.0}",0.005,0.001,6,X,6,72,12,0.0002340677716776,9,5000,0,0.0018,0.0012115333767608147,0.002620979437830234,0.00030022524781603277
BB72_ibm__powe_J0.005_p0.003,bb72_v3_ph_bi_a3.0_J0.005,1,BB72,ibm_biplanar,z_memory,theory_reduced,powerlaw,"{'alpha': 3.0, 'r0': 1.0}",0.005,0.003,6,X,6,72,12,0.0002340677716776,125,5000,0,0.025,0.02279019495136362,0.027408406711736777,0.0042107445144894395
BB72_ibm__powe_J0.01_p0.001,bb72_z_j0_0.01_bi,1,BB72,ibm_biplanar,z_memory,theory_reduced,powerlaw,"{'alpha': 3.0, 'r0': 1.0}",0.01,0.001,6,X,6,72,12,0.0009362483786107,13,5000,0,0.0026,0.0018887384941686806,0.0035378705170427795,0.0004338035250492922
BB72_ibm__powe_J0.01_p0.003,bb72_v3_ph_bi_a3.0_J0.01,1,BB72,ibm_biplanar,z_memory,theory_reduced,powerlaw,"{'alpha': 3.0, 'r0': 1.0}",0.01,0.003,6,X,6,72,12,0.0009362483786107,144,5000,0,0.0288,0.026431991031966192,0.031364452516674246,0.004858634908188386
BB72_ibm__powe_J0.015_p0.001,bb72_v3_pj0_0.015_bi,1,BB72,ibm_biplanar,z_memory,theory_reduced,powerlaw,"{'alpha': 3.0, 'r0': 1.0}",0.015,0.001,6,X,6,72,12,0.0021064736987448,37,5000,0,0.0074,0.006192084153346578,0.00882123216290284,0.001237153398772728
BB72_ibm__powe_J0.02_p0.001,bb72_z_j0_0.02_bi|la_j0win_0.02_bi|la_topup_bi_j0.02_c0|la_topup_bi_j0.02_c1|la_topup_bi_j0.02_c2,5,BB72,ibm_biplanar,z_memory,theory_reduced,powerlaw,"{'alpha': 3.0, 'r0': 1.0}",0.02,0.001,6,X,6,72,12,0.0037446302028036,342,25000,0,0.01368,0.012945158648915428,0.014454807641096988,0.0022931057105098906
BB72_ibm__powe_J0.02_p0.003,bb72_v3_ph_bi_a3.0_J0.02,1,BB72,ibm_biplanar,z_memory,theory_reduced,powerlaw,"{'alpha': 3.0, 'r0': 1.0}",0.02,0.003,6,X,6,72,12,0.0037446302028036,259,5000,0,0.0518,0.048657684354302295,0.05512730530610813,0.008825793415990213
BB72_ibm__powe_J0.03_p0.001,bb72_v3_pj0_0.03_bi|la_j0win_0.03_bi|la_topup_bi_j0.03_c0|la_topup_bi_j0.03_c1|la_topup_bi_j0.03_c2,5,BB72,ibm_biplanar,z_memory,theory_reduced,powerlaw,"{'alpha': 3.0, 'r0': 1.0}",0.03,0.001,6,X,6,72,12,0.0084240556813042,753,25000,0,0.03012,0.02903805632937152,0.031240230331616135,0.0050841859648277365
BB72_ibm__powe_J0.04_p0.0003,bb72_v3_per_3e-04_bi,1,BB72,ibm_biplanar,z_memory,theory_reduced,powerlaw,"{'alpha': 3.0, 'r0': 1.0}",0.04,0.0003,6,X,6,72,12,0.0149727089740785,95,5000,0,0.019,0.017069010870713632,0.021133354503250764,0.003192031170675458
BB72_ibm__powe_J0.04_p0.0005,bb72_v3_per_5e-04_bi,1,BB72,ibm_biplanar,z_memory,theory_reduced,powerlaw,"{'alpha': 3.0, 'r0': 1.0}",0.04,0.0005,6,X,6,72,12,0.0149727089740785,203,5000,0,0.0406,0.03780328394220114,0.04358705107892558,0.006884060530558012
BB72_ibm__powe_J0.04_p0.001,bb72_z_j0_0.04_bi|la_alpha_bi_a3.0|la_j0win_0.04_bi|la_pilot_bi,4,BB72,ibm_biplanar,z_memory,theory_reduced,powerlaw,"{'alpha': 3.0, 'r0': 1.0}",0.04,0.001,6,X,6,72,12,0.0149727089740785,1452,25000,0,0.05808,0.056598564149815206,0.059597267873510835,0.009922928566046929
BB72_ibm__powe_J0.04_p0.002,bb72_v3_per_2e-03_bi,1,BB72,ibm_biplanar,z_memory,theory_reduced,powerlaw,"{'alpha': 3.0, 'r0': 1.0}",0.04,0.002,6,X,6,72,12,0.0149727089740785,416,5000,0,0.0832,0.07927938599560251,0.08729159025209658,0.014373358182726226
BB72_ibm__powe_J0.04_p0.003,bb72_v3_per_3e-03_bi,1,BB72,ibm_biplanar,z_memory,theory_reduced,powerlaw,"{'alpha': 3.0, 'r0': 1.0}",0.04,0.003,6,X,6,72,12,0.0149727089740785,733,5000,0,0.1466,0.1415699977331391,0.15177417625507983,0.02607516655437947
BB72_ibm__powe_J0.04_p0.005,bb72_v3_per_5e-03_bi,1,BB72,ibm_biplanar,z_memory,theory_reduced,powerlaw,"{'alpha': 3.0, 'r0': 1.0}",0.04,0.005,6,X,6,72,12,0.0149727089740785,1747,5000,0,0.3494,0.34258837262320285,0.35627275517951335,0.0691371967462302
BB72_ibm__powe_J0.06_p0.001,bb72_z_j0_0.06_bi|la_j0win_0.06_bi,2,BB72,ibm_biplanar,z_memory,theory_reduced,powerlaw,"{'alpha': 3.0, 'r0': 1.0}",0.06,0.001,6,X,6,72,12,0.0336668099929005,949,10000,0,0.0949,0.09196033392776932,0.09792206648558754,0.01648098502894524
BB72_ibm__powe_J0.08_p0.001,bb72_z_j0_0.08_bi,1,BB72,ibm_biplanar,z_memory,theory_reduced,powerlaw,"{'alpha': 3.0, 'r0': 1.0}",0.08,0.001,6,X,6,72,12,0.0597979200113929,942,5000,0,0.1884,0.1828336435386441,0.19409323935856265,0.03419302010184855
BB72_ibm__powe_J0.08_p0.003,bb72_v3_ph_bi_a3.0_J0.08,1,BB72,ibm_biplanar,z_memory,theory_reduced,powerlaw,"{'alpha': 3.0, 'r0': 1.0}",0.08,0.003,6,X,6,72,12,0.0597979200113929,2181,5000,0,0.4362,0.42910023529699076,0.44332564618879083,0.09109007614505482
BB72_ibm__powe_J0.005_p0.003,bb72_v3_ph_bi_a4.0_J0.005,1,BB72,ibm_biplanar,z_memory,theory_reduced,powerlaw,"{'alpha': 4.0, 'r0': 1.0}",0.005,0.003,6,X,6,72,12,0.0002307299146314,107,5000,0,0.0214,0.01935252921959036,0.023648263525740343,0.003598891763853529
BB72_ibm__powe_J0.01_p0.003,bb72_v3_ph_bi_a4.0_J0.01,1,BB72,ibm_biplanar,z_memory,theory_reduced,powerlaw,"{'alpha': 4.0, 'r0': 1.0}",0.01,0.003,6,X,6,72,12,0.0009228971469135,128,5000,0,0.0256,0.02336439032346845,0.028033861465610467,0.004312902943425567
BB72_ibm__powe_J0.02_p0.003,bb72_v3_ph_bi_a4.0_J0.02,1,BB72,ibm_biplanar,z_memory,theory_reduced,powerlaw,"{'alpha': 4.0, 'r0': 1.0}",0.02,0.003,6,X,6,72,12,0.0036912284197114,263,5000,0,0.0526,0.04943473242118021,0.055949885745157114,0.008965218688713694
BB72_ibm__powe_J0.04_p0.001,bb72_v3_a4.0_bi,1,BB72,ibm_biplanar,z_memory,theory_reduced,powerlaw,"{'alpha': 4.0, 'r0': 1.0}",0.04,0.001,6,X,6,72,12,0.0147591521342489,255,5000,0,0.051,0.04788084452926372,0.054304517767019056,0.00868646613686419
BB72_ibm__powe_J0.04_p0.003,bb72_v3_ph_bi_a4.0_J0.04,1,BB72,ibm_biplanar,z_memory,theory_reduced,powerlaw,"{'alpha': 4.0, 'r0': 1.0}",0.04,0.003,6,X,6,72,12,0.0147591521342489,620,5000,0,0.124,0.11931580112609522,0.12883781331884456,0.021823216125122613
BB72_ibm__powe_J0.08_p0.003,bb72_v3_ph_bi_a4.0_J0.08,1,BB72,ibm_biplanar,z_memory,theory_reduced,powerlaw,"{'alpha': 4.0, 'r0': 1.0}",0.08,0.003,6,X,6,72,12,0.0589444969100727,1970,5000,0,0.394,0.38701170414331804,0.4010313054613055,0.08008979364041102
BB72_ibm__powe_J0.005_p0.003,bb72_v3_ph_bi_a5.0_J0.005,1,BB72,ibm_biplanar,z_memory,theory_reduced,powerlaw,"{'alpha': 5.0, 'r0': 1.0}",0.005,0.003,6,X,6,72,12,0.0002285983785769,120,5000,0,0.024,0.02183395486183144,0.026365238768955346,0.00404059682712965
BB72_ibm__powe_J0.01_p0.003,bb72_v3_ph_bi_a5.0_J0.01,1,BB72,ibm_biplanar,z_memory,theory_reduced,powerlaw,"{'alpha': 5.0, 'r0': 1.0}",0.01,0.003,6,X,6,72,12,0.0009143711197867,142,5000,0,0.0284,0.02604808852465126,0.030948576267603493,0.004790336539651774
BB72_ibm__powe_J0.02_p0.003,bb72_v3_ph_bi_a5.0_J0.02,1,BB72,ibm_biplanar,z_memory,theory_reduced,powerlaw,"{'alpha': 5.0, 'r0': 1.0}",0.02,0.003,6,X,6,72,12,0.0036571261845975,230,5000,0,0.046,0.04303061960997122,0.04915710054967172,0.007817881406626648
BB72_ibm__powe_J0.04_p0.001,bb72_v3_a5.0_bi|la_alpha_bi_a5.0,2,BB72,ibm_biplanar,z_memory,theory_reduced,powerlaw,"{'alpha': 5.0, 'r0': 1.0}",0.04,0.001,6,X,6,72,12,0.0146227731639096,498,10000,0,0.0498,0.04762049536369384,0.052071613216886914,0.00847765862509331
BB72_ibm__powe_J0.04_p0.003,bb72_v3_ph_bi_a5.0_J0.04,1,BB72,ibm_biplanar,z_memory,theory_reduced,powerlaw,"{'alpha': 5.0, 'r0': 1.0}",0.04,0.003,6,X,6,72,12,0.0146227731639096,590,5000,0,0.118,0.11341565176367364,0.12274048497641103,0.020709749444926873
BB72_ibm__powe_J0.08_p0.003,bb72_v3_ph_bi_a5.0_J0.08,1,BB72,ibm_biplanar,z_memory,theory_reduced,powerlaw,"{'alpha': 5.0, 'r0': 1.0}",0.08,0.003,6,X,6,72,12,0.0583994602832534,1890,5000,0,0.378,0.37106793513132563,0.3849815719539649,0.07608561113253898
BB72_logi_powe_J0.04_p0.001,la_alpha_la_a2.0,1,BB72,logical_aware_fixed:configs/logical_aware_bb72_truefamily.json,z_memory,theory_reduced,powerlaw,"{'alpha': 2.0, 'r0': 1.0}",0.04,0.001,6,X,6,72,12,0.0224407378622333,1152,5000,0,0.2304,0.22440004828111088,0.2365095928767927,0.0427085578171611
BB72_logi_powe_J0.02_p0.001,la_j0win_0.02_la|la_topup_la_j0.02_c0|la_topup_la_j0.02_c1|la_topup_la_j0.02_c2,4,BB72,logical_aware_fixed:configs/logical_aware_bb72_truefamily.json,z_memory,theory_reduced,powerlaw,"{'alpha': 3.0, 'r0': 1.0}",0.02,0.001,6,X,6,72,12,0.0056002428717663,487,20000,0,0.02435,0.02325927344366536,0.025489383687693063,0.0041001319856007745
BB72_logi_powe_J0.03_p0.001,la_j0win_0.03_la|la_topup_la_j0.03_c0|la_topup_la_j0.03_c1|la_topup_la_j0.03_c2,4,BB72,logical_aware_fixed:configs/logical_aware_bb72_truefamily.json,z_memory,theory_reduced,powerlaw,"{'alpha': 3.0, 'r0': 1.0}",0.03,0.001,6,X,6,72,12,0.0125984468251289,1656,20000,0,0.0828,0.08084741836093448,0.08479483708277893,0.014301699695902892
BB72_logi_powe_J0.04_p0.001,la_alpha_la_a3.0|la_j0win_0.04_la|la_pilot_la,3,BB72,logical_aware_fixed:configs/logical_aware_bb72_truefamily.json,z_memory,theory_reduced,powerlaw,"{'alpha': 3.0, 'r0': 1.0}",0.04,0.001,6,X,6,72,12,0.0223920138747521,4107,20000,0,0.20535,0.2024834383756868,0.2082462845131181,0.037584413310034925
BB72_logi_powe_J0.06_p0.001,la_j0win_0.06_la,1,BB72,logical_aware_fixed:configs/logical_aware_bb72_truefamily.json,z_memory,theory_reduced,powerlaw,"{'alpha': 3.0, 'r0': 1.0}",0.06,0.001,6,X,6,72,12,0.0503484545022842,2957,5000,0,0.5914,0.5843300859197289,0.5984328316087938,0.13857713791462367
BB72_logi_powe_J0.04_p0.001,la_alpha_la_a5.0,1,BB72,logical_aware_fixed:configs/logical_aware_bb72_truefamily.json,z_memory,theory_reduced,powerlaw,"{'alpha': 5.0, 'r0': 1.0}",0.04,0.001,6,X,6,72,12,0.0223880892904827,1002,5000,0,0.2004,0.19470013268138092,0.20622181358088593,0.03658782377375014
BB72_mono_cros_J0.0_p0.001,bb72_x_baseline_mono,1,BB72,monomial_column,x_memory,theory_reduced,crossing,{},0.0,0.001,6,Z,6,72,12,,1,4000,0,0.00025,4.31859510498878e-05,0.0008246553505969235,4.167100760765763e-05
BB72_mono_cros_J0.08_p0.001,bb72_x_crossing_mono,1,BB72,monomial_column,x_memory,theory_reduced,crossing,{},0.08,0.001,6,Z,6,72,12,,3685,4000,0,0.92125,0.9167574428208457,0.9255257708862441,0.3453008751222667
BB72_mono_expo_J0.08_p0.001,bb72_x_exp_mono,1,BB72,monomial_column,x_memory,theory_reduced,exponential,{'xi': 1.0},0.08,0.001,6,Z,6,72,12,,3823,4000,0,0.95575,0.9522541178181171,0.9590092640967726,0.40527132425344514
BB72_mono_powe_J0.08_p0.001,bb72_x_pow_mono_a3,1,BB72,monomial_column,x_memory,theory_reduced,powerlaw,"{'alpha': 3.0, 'r0': 1.0}",0.08,0.001,6,Z,6,72,12,,3728,4000,0,0.932,0.9277826336656301,0.935994603421497,0.361121678101585
BB72_mono_powe_J0.08_p0.001,bb72_x_pow_mono_a5,1,BB72,monomial_column,x_memory,theory_reduced,powerlaw,"{'alpha': 5.0, 'r0': 1.0}",0.08,0.001,6,Z,6,72,12,,3720,4000,0,0.93,0.9257294455304059,0.9340489130948869,0.35802762521985765
BB72_mono_cros_J0.0_p0.0005,bb72_smoke_mono,1,BB72,monomial_column,z_memory,theory_reduced,crossing,{},0.0,0.0005,3,X,6,72,12,0.0,0,200,0,0.0,0.0,0.009163034977870904,0.0
BB72_mono_cros_J0.0_p0.001,bb72_z_j0cross_0.0_mono,1,BB72,monomial_column,z_memory,theory_reduced,crossing,{},0.0,0.001,6,X,6,72,12,0.0,1,5000,0,0.0002,3.454891004459713e-05,0.0006597622083767342,3.333611145062143e-05
BB72_mono_cros_J0.005_p0.001,bb72_v3_cj0_0.005_mono,1,BB72,monomial_column,z_memory,theory_reduced,crossing,{},0.005,0.001,6,X,6,72,12,0.0003749968750104,11,5000,0,0.0022,0.001547223488170184,0.003081959874698958,0.0003670032303658699
BB72_mono_cros_J0.01_p0.001,bb72_z_j0cross_0.01_mono,1,BB72,monomial_column,z_memory,theory_reduced,crossing,{},0.01,0.001,6,X,6,72,12,0.0014999500006666,29,5000,0,0.0058,0.004731256320665309,0.007084855862047271,0.0009690110921637407
BB72_mono_cros_J0.015_p0.001,bb72_v3_cj0_0.015_mono,1,BB72,monomial_column,z_memory,theory_reduced,crossing,{},0.015,0.001,6,X,6,72,12,0.0033747468825936,83,5000,0,0.0166,0.014793576108480278,0.01861048769728527,0.0027859992150264246
BB72_mono_cros_J0.02_p0.001,bb72_z_j0cross_0.02_mono,1,BB72,monomial_column,z_memory,theory_reduced,crossing,{},0.02,0.001,6,X,6,72,12,0.0059992000426654,169,5000,0,0.0338,0.031240291282608402,0.03655347831513784,0.005714348455024831
BB72_mono_cros_J0.03_p0.001,bb72_v3_cj0_0.03_mono,1,BB72,monomial_column,z_memory,theory_reduced,crossing,{},0.03,0.001,6,X,6,72,12,0.0134959504859687,506,5000,0,0.1012,0.09691630680133467,0.10564694080674367,0.017625281597127063
BB72_mono_cros_J0.04_p0.001,bb72_z_j0cross_0.04_mono,1,BB72,monomial_column,z_memory,theory_reduced,crossing,{},0.04,0.001,6,X,6,72,12,0.0239872027303546,1266,5000,0,0.2532,0.24700089747740434,0.2594994188362762,0.04749473510946711
BB72_mono_cros_J0.06_p0.001,bb72_z_j0cross_0.06_mono,1,BB72,monomial_column,z_memory,theory_reduced,crossing,{},0.06,0.001,6,X,6,72,12,0.0539352310960031,3291,5000,0,0.6582,0.6513605889138105,0.6649751935914444,0.1638285345514
BB72_mono_cros_J0.08_p0.001,bb72_z_j0cross_0.08_mono,1,BB72,monomial_column,z_memory,theory_reduced,crossing,{},0.08,0.001,6,X,6,72,12,0.0957953746827978,4612,5000,0,0.9224,0.9184293790253867,0.9261972074755027,0.346904105738539
BB72_mono_expo_J0.04_p0.001,bb72_v3_xi0.25_mono,1,BB72,monomial_column,z_memory,theory_reduced,exponential,{'xi': 0.25},0.04,0.001,6,X,6,72,12,0.0242389859528856,1345,5000,0,0.269,0.26267614205708956,0.27541772289336913,0.05088341404123842
BB72_mono_expo_J0.04_p0.001,bb72_v3_xi0.5_mono,1,BB72,monomial_column,z_memory,theory_reduced,exponential,{'xi': 0.5},0.04,0.001,6,X,6,72,12,0.0248762898178063,1456,5000,0,0.2912,0.28471784758108964,0.2977669646538878,0.055749366621098306
BB72_mono_expo_J0.04_p0.001,bb72_v3_xi1.0_mono,1,BB72,monomial_column,z_memory,theory_reduced,exponential,{'xi': 1.0},0.04,0.001,6,X,6,72,12,0.0259305644829595,1594,5000,0,0.3188,0.31214686074995146,0.32552671231895924,0.06197926220695671
BB72_mono_expo_J0.04_p0.001,bb72_v3_xi2.0_mono,1,BB72,monomial_column,z_memory,theory_reduced,exponential,{'xi': 2.0},0.04,0.001,6,X,6,72,12,0.0274537763755555,1833,5000,0,0.3666,0.359712832651398,0.3735413053757625,0.07328467882575185
BB72_mono_expo_J0.04_p0.001,bb72_v3_xi4.0_mono,1,BB72,monomial_column,z_memory,theory_reduced,exponential,{'xi': 4.0},0.04,0.001,6,X,6,72,12,0.03027203520928,2288,5000,0,0.4576,0.45046357006313886,0.4647536290607418,0.09693305345772263
BB72_mono_expo_J0.04_p0.001,bb72_v3_xi8.0_mono,1,BB72,monomial_column,z_memory,theory_reduced,exponential,{'xi': 8.0},0.04,0.001,6,X,6,72,12,0.0351710910526586,2883,5000,0,0.5766,0.56949742284221,0.5836715015409941,0.13345362675847194
BB72_mono_powe_J0.005_p0.003,bb72_v3_ph_mono_a1.5_J0.005,1,BB72,monomial_column,z_memory,theory_reduced,powerlaw,"{'alpha': 1.5, 'r0': 1.0}",0.005,0.003,6,X,6,72,12,0.0004027111303144,168,5000,0,0.0336,0.03104764726401066,0.03634622645844062,0.005680049141331689
BB72_mono_powe_J0.01_p0.003,bb72_v3_ph_mono_a1.5_J0.01,1,BB72,monomial_column,z_memory,theory_reduced,powerlaw,"{'alpha': 1.5, 'r0': 1.0}",0.01,0.003,6,X,6,72,12,0.001610806051374,322,5000,0,0.0644,0.060917800909043314,0.06806144692316997,0.011033223267671755
BB72_mono_powe_J0.02_p0.003,bb72_v3_ph_mono_a1.5_J0.02,1,BB72,monomial_column,z_memory,theory_reduced,powerlaw,"{'alpha': 1.5, 'r0': 1.0}",0.02,0.003,6,X,6,72,12,0.0064426087176909,863,5000,0,0.1726,0.16722254220102917,0.178110856845832,0.031084464437213133
BB72_mono_powe_J0.04_p0.001,bb72_v3_a1.5_mono,1,BB72,monomial_column,z_memory,theory_reduced,powerlaw,"{'alpha': 1.5, 'r0': 1.0}",0.04,0.001,6,X,6,72,12,0.0257605890070895,1675,5000,0,0.335,0.32825902644468113,0.34180795619522203,0.06573458079697492
BB72_mono_powe_J0.04_p0.003,bb72_v3_ph_mono_a1.5_J0.04,1,BB72,monomial_column,z_memory,theory_reduced,powerlaw,"{'alpha': 1.5, 'r0': 1.0}",0.04,0.003,6,X,6,72,12,0.0257605890070895,2821,5000,0,0.5642,0.5570750025866249,0.5712989536230524,0.12927461837477905
BB72_mono_powe_J0.08_p0.003,bb72_v3_ph_mono_a1.5_J0.08,1,BB72,monomial_column,z_memory,theory_reduced,powerlaw,"{'alpha': 1.5, 'r0': 1.0}",0.08,0.003,6,X,6,72,12,0.1028849463912674,4931,5000,0,0.9862,0.9843452893194865,0.987848436719693,0.5102439069720679
BB72_mono_powe_J0.005_p0.003,bb72_v3_ph_mono_a2.0_J0.005,1,BB72,monomial_column,z_memory,theory_reduced,powerlaw,"{'alpha': 2.0, 'r0': 1.0}",0.005,0.003,6,X,6,72,12,0.0003935384629857,171,5000,0,0.0342,0.03162565120348492,0.036967910759700566,0.005782964835781668
BB72_mono_powe_J0.01_p0.003,bb72_v3_ph_mono_a2.0_J0.01,1,BB72,monomial_column,z_memory,theory_reduced,powerlaw,"{'alpha': 2.0, 'r0': 1.0}",0.01,0.003,6,X,6,72,12,0.0015741158033906,293,5000,0,0.0586,0.055268804065061905,0.062113060328337896,0.010014047157865469
BB72_mono_powe_J0.02_p0.003,bb72_v3_ph_mono_a2.0_J0.02,1,BB72,monomial_column,z_memory,theory_reduced,powerlaw,"{'alpha': 2.0, 'r0': 1.0}",0.02,0.003,6,X,6,72,12,0.0062958544668792,849,5000,0,0.1698,0.1644576763705601,0.1752768796513399,0.030538749747394567
BB72_mono_powe_J0.04_p0.001,bb72_v3_a2.0_mono|la_alpha_mono_a2.0,2,BB72,monomial_column,z_memory,theory_reduced,powerlaw,"{'alpha': 2.0, 'r0': 1.0}",0.04,0.001,6,X,6,72,12,0.0251736798503252,2950,10000,0,0.295,0.2904103998266729,0.29963104842285176,0.056594972824675405
BB72_mono_powe_J0.04_p0.003,bb72_v3_ph_mono_a2.0_J0.04,1,BB72,monomial_column,z_memory,theory_reduced,powerlaw,"{'alpha': 2.0, 'r0': 1.0}",0.04,0.003,6,X,6,72,12,0.0251736798503252,2760,5000,0,0.552,0.5448572951289656,0.5591216110647397,0.12525862501596763
BB72_mono_powe_J0.08_p0.003,bb72_v3_ph_mono_a2.0_J0.08,1,BB72,monomial_column,z_memory,theory_reduced,powerlaw,"{'alpha': 2.0, 'r0': 1.0}",0.08,0.003,6,X,6,72,12,0.1005390345741421,4921,5000,0,0.9842,0.9822325206085196,0.9859628134498063,0.4990709926453548
BB72_mono_powe_J0.0_p0.001,bb72_z_j0_0.0_mono,1,BB72,monomial_column,z_memory,theory_reduced,powerlaw,"{'alpha': 3.0, 'r0': 1.0}",0.0,0.001,6,X,6,72,12,0.0,2,5000,0,0.0004,0.00014163820950606598,0.0009273373567735946,6.667778049462836e-05
BB72_mono_powe_J0.005_p0.001,bb72_v3_pj0_0.005_mono,1,BB72,monomial_column,z_memory,theory_reduced,powerlaw,"{'alpha': 3.0, 'r0': 1.0}",0.005,0.001,6,X,6,72,12,0.0003847020160296,17,5000,0,0.0034,0.002584345574435651,0.0044384532668630345,0.000567471116465823
BB72_mono_powe_J0.005_p0.003,bb72_v3_ph_mono_a3.0_J0.005,1,BB72,monomial_column,z_memory,theory_reduced,powerlaw,"{'alpha': 3.0, 'r0': 1.0}",0.005,0.003,6,X,6,72,12,0.0003847020160296,170,5000,0,0.034,0.031432959330679536,0.03676070634831082,0.005748653685759497
BB72_mono_powe_J0.01_p0.001,bb72_z_j0_0.01_mono,1,BB72,monomial_column,z_memory,theory_reduced,powerlaw,"{'alpha': 3.0, 'r0': 1.0}",0.01,0.001,6,X,6,72,12,0.001538770368893,39,5000,0,0.0078,0.006559785313377897,0.009252937830376227,0.0013042452511051739
BB72_mono_powe_J0.01_p0.003,bb72_v3_ph_mono_a3.0_J0.01,1,BB72,monomial_column,z_memory,theory_reduced,powerlaw,"{'alpha': 3.0, 'r0': 1.0}",0.01,0.003,6,X,6,72,12,0.001538770368893,318,5000,0,0.0636,0.060138125934823046,0.06724148053130816,0.010892334766315792
BB72_mono_powe_J0.015_p0.001,bb72_v3_pj0_0.015_mono,1,BB72,monomial_column,z_memory,theory_reduced,powerlaw,"{'alpha': 3.0, 'r0': 1.0}",0.015,0.001,6,X,6,72,12,0.0034620919766679,89,5000,0,0.0178,0.015930184723334673,0.019873011520143615,0.0029889118452477437
BB72_mono_powe_J0.02_p0.001,bb72_z_j0_0.02_mono|la_j0win_0.02_mono|la_topup_mono_j0.02_c0|la_topup_mono_j0.02_c1|la_topup_mono_j0.02_c2,5,BB72,monomial_column,z_memory,theory_reduced,powerlaw,"{'alpha': 3.0, 'r0': 1.0}",0.02,0.001,6,X,6,72,12,0.0061544783819992,1074,25000,0,0.04296,0.041676067929999026,0.04428106606425262,0.007291634614332687
BB72_mono_powe_J0.02_p0.003,bb72_v3_ph_mono_a3.0_J0.02,1,BB72,monomial_column,z_memory,theory_reduced,powerlaw,"{'alpha': 3.0, 'r0': 1.0}",0.02,0.003,6,X,6,72,12,0.0061544783819992,806,5000,0,0.1612,0.1559689103065398,0.16656920403099823,0.028872161993920287
BB72_mono_powe_J0.03_p0.001,bb72_v3_pj0_0.03_mono|la_j0win_0.03_mono|la_topup_mono_j0.03_c0|la_topup_mono_j0.03_c1|la_topup_mono_j0.03_c2,5,BB72,monomial_column,z_memory,theory_reduced,powerlaw,"{'alpha': 3.0, 'r0': 1.0}",0.03,0.001,6,X,6,72,12,0.0138453149988798,3197,25000,0,0.12788,0.12576286397905626,0.13002718773672023,0.02254664634802228
BB72_mono_powe_J0.04_p0.0003,bb72_v3_per_3e-04_mono,1,BB72,monomial_column,z_memory,theory_reduced,powerlaw,"{'alpha': 3.0, 'r0': 1.0}",0.04,0.0003,6,X,6,72,12,0.0246082659529725,945,5000,0,0.189,0.1834267707058393,0.19469986512511395,0.034312057141682506
BB72_mono_powe_J0.04_p0.0005,bb72_v3_per_5e-04_mono,1,BB72,monomial_column,z_memory,theory_reduced,powerlaw,"{'alpha': 3.0, 'r0': 1.0}",0.04,0.0005,6,X,6,72,12,0.0246082659529725,1122,5000,0,0.2244,0.21845645058393653,0.2304556480019477,0.04146869753632032
BB72_mono_powe_J0.04_p0.001,bb72_z_j0_0.04_mono|la_alpha_mono_a3.0|la_j0win_0.04_mono|la_pilot_mono,4,BB72,monomial_column,z_memory,theory_reduced,powerlaw,"{'alpha': 3.0, 'r0': 1.0}",0.04,0.001,6,X,6,72,12,0.0246082659529725,7170,25000,0,0.2868,0.2839281851984225,0.2896889901481287,0.0547749504466285
BB72_mono_powe_J0.04_p0.002,bb72_v3_per_2e-03_mono,1,BB72,monomial_column,z_memory,theory_reduced,powerlaw,"{'alpha': 3.0, 'r0': 1.0}",0.04,0.002,6,X,6,72,12,0.0246082659529725,2109,5000,0,0.4218,0.4147323678329941,0.42889935711040333,0.0872615460199877
BB72_mono_powe_J0.04_p0.003,bb72_v3_per_3e-03_mono,1,BB72,monomial_column,z_memory,theory_reduced,powerlaw,"{'alpha': 3.0, 'r0': 1.0}",0.04,0.003,6,X,6,72,12,0.0246082659529725,2704,5000,0,0.5408,0.5336448067291617,0.547938643232675,0.12165126553166938
BB72_mono_powe_J0.04_p0.005,bb72_v3_per_5e-03_mono,1,BB72,monomial_column,z_memory,theory_reduced,powerlaw,"{'alpha': 3.0, 'r0': 1.0}",0.04,0.005,6,X,6,72,12,0.0246082659529725,3730,5000,0,0.746,0.7396943386232624,0.7522056719054621,0.20419691308949317
BB72_mono_powe_J0.06_p0.001,bb72_z_j0_0.06_mono|la_j0win_0.06_mono,2,BB72,monomial_column,z_memory,theory_reduced,powerlaw,"{'alpha': 3.0, 'r0': 1.0}",0.06,0.001,6,X,6,72,12,0.0553324353611305,6855,10000,0,0.6855,0.6807881981580324,0.6901743034869128,0.17534915505132787
BB72_mono_powe_J0.08_p0.001,bb72_z_j0_0.08_mono,1,BB72,monomial_column,z_memory,theory_reduced,powerlaw,"{'alpha': 3.0, 'r0': 1.0}",0.08,0.001,6,X,6,72,12,0.0982788255732025,4643,5000,0,0.9286,0.9247700810351244,0.9322537828486225,0.3559053349573874
BB72_mono_powe_J0.08_p0.003,bb72_v3_ph_mono_a3.0_J0.08,1,BB72,monomial_column,z_memory,theory_reduced,powerlaw,"{'alpha': 3.0, 'r0': 1.0}",0.08,0.003,6,X,6,72,12,0.0982788255732025,4910,5000,0,0.982,0.9799167856351597,0.9838801589828815,0.4880682277677134
BB72_mono_powe_J0.005_p0.003,bb72_v3_ph_mono_a4.0_J0.005,1,BB72,monomial_column,z_memory,theory_reduced,powerlaw,"{'alpha': 4.0, 'r0': 1.0}",0.005,0.003,6,X,6,72,12,0.0003804886755366,171,5000,0,0.0342,0.03162565120348492,0.036967910759700566,0.005782964835781668
BB72_mono_powe_J0.01_p0.003,bb72_v3_ph_mono_a4.0_J0.01,1,BB72,monomial_column,z_memory,theory_reduced,powerlaw,"{'alpha': 4.0, 'r0': 1.0}",0.01,0.003,6,X,6,72,12,0.0015219171274128,299,5000,0,0.0598,0.05643684758369146,0.06334447215450663,0.01022448101551654
BB72_mono_powe_J0.02_p0.003,bb72_v3_ph_mono_a4.0_J0.02,1,BB72,monomial_column,z_memory,theory_reduced,powerlaw,"{'alpha': 4.0, 'r0': 1.0}",0.02,0.003,6,X,6,72,12,0.0060870673439207,815,5000,0,0.163,0.15774520441383966,0.1683921645379995,0.029219800512279792
BB72_mono_powe_J0.04_p0.001,bb72_v3_a4.0_mono,1,BB72,monomial_column,z_memory,theory_reduced,powerlaw,"{'alpha': 4.0, 'r0': 1.0}",0.04,0.001,6,X,6,72,12,0.0243386526443244,1434,5000,0,0.2868,0.2803477026010579,0.29333890288455894,0.0547749504466285
BB72_mono_powe_J0.04_p0.003,bb72_v3_ph_mono_a4.0_J0.04,1,BB72,monomial_column,z_memory,theory_reduced,powerlaw,"{'alpha': 4.0, 'r0': 1.0}",0.04,0.003,6,X,6,72,12,0.0243386526443244,2663,5000,0,0.5326,0.5254379365856874,0.5397488398334266,0.11905637318100071
BB72_mono_powe_J0.08_p0.003,bb72_v3_ph_mono_a4.0_J0.08,1,BB72,monomial_column,z_memory,theory_reduced,powerlaw,"{'alpha': 4.0, 'r0': 1.0}",0.08,0.003,6,X,6,72,12,0.0972008657216961,4908,5000,0,0.9816,0.97949655754726,0.9835006658563896,0.4861895054018628
BB72_mono_powe_J0.005_p0.003,bb72_v3_ph_mono_a5.0_J0.005,1,BB72,monomial_column,z_memory,theory_reduced,powerlaw,"{'alpha': 5.0, 'r0': 1.0}",0.005,0.003,6,X,6,72,12,0.0003782327228904,168,5000,0,0.0336,0.03104764726401066,0.03634622645844062,0.005680049141331689
BB72_mono_powe_J0.01_p0.003,bb72_v3_ph_mono_a5.0_J0.01,1,BB72,monomial_column,z_memory,theory_reduced,powerlaw,"{'alpha': 5.0, 'r0': 1.0}",0.01,0.003,6,X,6,72,12,0.0015128933621576,315,5000,0,0.063,0.05955347186722215,0.06662640402371876,0.010786734200670556
BB72_mono_powe_J0.02_p0.003,bb72_v3_ph_mono_a5.0_J0.02,1,BB72,monomial_column,z_memory,theory_reduced,powerlaw,"{'alpha': 5.0, 'r0': 1.0}",0.02,0.003,6,X,6,72,12,0.0060509730081685,789,5000,0,0.1578,0.15261431951058144,0.16312520373268324,0.028217204140159158
BB72_mono_powe_J0.04_p0.001,bb72_v3_a5.0_mono|la_alpha_mono_a5.0,2,BB72,monomial_column,z_memory,theory_reduced,powerlaw,"{'alpha': 5.0, 'r0': 1.0}",0.04,0.001,6,X,6,72,12,0.0241942869051546,2724,10000,0,0.2724,0.2679211610078263,0.2769248688333057,0.05162059326966195
BB72_mono_powe_J0.04_p0.003,bb72_v3_ph_mono_a5.0_J0.04,1,BB72,monomial_column,z_memory,theory_reduced,powerlaw,"{'alpha': 5.0, 'r0': 1.0}",0.04,0.003,6,X,6,72,12,0.0241942869051546,2689,5000,0,0.5378,0.5306420708667733,0.544942596111555,0.12069746842699391
BB72_mono_powe_J0.08_p0.003,bb72_v3_ph_mono_a5.0_J0.08,1,BB72,monomial_column,z_memory,theory_reduced,powerlaw,"{'alpha': 5.0, 'r0': 1.0}",0.08,0.003,6,X,6,72,12,0.0966235883969991,4895,5000,0,0.979,0.9767703939867954,0.9810285583594205,0.4747453782801029
BB90_ibm__powe_J0.01_p0.001,bb90_j0_0.01_ibm_,1,BB90,ibm_biplanar,z_memory,theory_reduced,powerlaw,"{'alpha': 3.0, 'r0': 1.0}",0.01,0.001,10,X,10,90,8,,11,2500,0,0.0044,0.003095149589263272,0.006161194767624308,0.0004408736355151488
BB90_ibm__powe_J0.02_p0.001,bb90_j0_0.02_ibm_,1,BB90,ibm_biplanar,z_memory,theory_reduced,powerlaw,"{'alpha': 3.0, 'r0': 1.0}",0.02,0.001,10,X,10,90,8,,13,2500,0,0.0052,0.0037784459888121013,0.007072413071771955,0.0005212208224971704
BB90_ibm__powe_J0.04_p0.001,bb90_j0_0.04_ibm_,1,BB90,ibm_biplanar,z_memory,theory_reduced,powerlaw,"{'alpha': 3.0, 'r0': 1.0}",0.04,0.001,10,X,10,90,8,,174,2500,0,0.0696,0.06448851303159228,0.07506927718529584,0.0071881088514773595
BB90_mono_powe_J0.01_p0.001,bb90_j0_0.01_mono,1,BB90,monomial_column,z_memory,theory_reduced,powerlaw,"{'alpha': 3.0, 'r0': 1.0}",0.01,0.001,10,X,10,90,8,,20,2500,0,0.008,0.006230476471115624,0.010207305616615862,0.0008028946771652112
BB90_mono_powe_J0.02_p0.001,bb90_j0_0.02_mono,1,BB90,monomial_column,z_memory,theory_reduced,powerlaw,"{'alpha': 3.0, 'r0': 1.0}",0.02,0.001,10,X,10,90,8,,96,2500,0,0.0384,0.03454884525446192,0.04263960112419117,0.003908015274766585
BB90_mono_powe_J0.04_p0.001,bb90_j0_0.04_mono,1,BB90,monomial_column,z_memory,theory_reduced,powerlaw,"{'alpha': 3.0, 'r0': 1.0}",0.04,0.001,10,X,10,90,8,,863,2500,0,0.3452,0.33555618148698696,0.3549702362740268,0.041458617644419715
